{
 "actions": [],
 "creation": "2021-04-07 07:34:00.124124",
 "doctype": "DocType",
 "editable_grid": 1,
 "engine": "InnoDB",
 "field_order": [
  "doctype_name"
 ],
 "fields": [
  {
   "fieldname": "doctype_name",
   "fieldtype": "Link",
   "in_list_view": 1,
   "label": "DocType",
   "options": "DocType",
   "reqd": 1
  }
 ],
 "index_web_pages_for_search": 1,
 "istable": 1,
 "links": [],
 "modified": "2024-02-04 10:56:27.413691",
 "modified_by": "Administrator",
 "module": "Setup",
 "name": "Transaction Deletion Record Item",
 "owner": "Administrator",
 "permissions": [],
 "sort_field": "modified",
 "sort_order": "DESC",
 "states": [],
 "track_changes": 1
}