{
 "actions": [],
 "allow_rename": 1,
 "creation": "2021-10-21 10:34:58.841689",
 "doctype": "DocType",
 "editable_grid": 1,
 "engine": "InnoDB",
 "field_order": [
  "competitor"
 ],
 "fields": [
  {
   "fieldname": "competitor",
   "fieldtype": "Link",
   "in_list_view": 1,
   "label": "Competitor",
   "options": "Competitor",
   "reqd": 1
  }
 ],
 "index_web_pages_for_search": 1,
 "istable": 1,
 "links": [],
 "modified": "2021-10-21 10:34:58.841689",
 "modified_by": "Administrator",
 "module": "CRM",
 "name": "Competitor Detail",
 "owner": "Administrator",
 "permissions": [],
 "sort_field": "modified",
 "sort_order": "DESC",
 "track_changes": 1
}