{
 "chart_name": "Sales Order Trends",
 "chart_type": "Report",
 "creation": "2020-07-20 20:17:16.508240",
 "custom_options": "{\"type\": \"line\", \"axisOptions\": {\"shortenYAxisNumbers\": 1}, \"tooltipOptions\": {}, \"lineOptions\": {\"regionFill\": 1}}",
 "docstatus": 0,
 "doctype": "Dashboard Chart",
 "dynamic_filters_json": "{\"company\":\"frappe.defaults.get_user_default(\\\"Company\\\")\",\"fiscal_year\":\"erpnext.utils.get_fiscal_year()\"}",
 "filters_json": "{\"period\":\"Monthly\",\"based_on\":\"Item\"}",
 "idx": 1,
 "is_public": 1,
 "is_standard": 1,
 "modified": "2023-07-19 13:09:45.341791",
 "modified_by": "Administrator",
 "module": "Selling",
 "name": "Sales Order Trends",
 "number_of_groups": 0,
 "owner": "Administrator",
 "report_name": "Sales Order Trends",
 "roles": [],
 "timeseries": 0,
 "type": "Line",
 "use_report_chart": 1,
 "y_axis": []
}