{
 "creation": "2019-09-10 15:02:05.779434",
 "doctype": "DocType",
 "editable_grid": 1,
 "engine": "InnoDB",
 "field_order": [
  "day_of_week",
  "from_time",
  "to_time"
 ],
 "fields": [
  {
   "fieldname": "day_of_week",
   "fieldtype": "Select",
   "in_list_view": 1,
   "label": "Day Of Week",
   "options": "Sunday\nMonday\nTuesday\nWednesday\nThursday\nFriday\nSaturday",
   "reqd": 1
  },
  {
   "fieldname": "from_time",
   "fieldtype": "Time",
   "in_list_view": 1,
   "label": "From Time",
   "reqd": 1
  },
  {
   "fieldname": "to_time",
   "fieldtype": "Time",
   "in_list_view": 1,
   "label": "To Time",
   "reqd": 1
  }
 ],
 "istable": 1,
 "modified": "2019-09-10 15:05:20.406855",
 "modified_by": "Administrator",
 "module": "CRM",
 "name": "Availability Of Slots",
 "owner": "Administrator",
 "permissions": [],
 "quick_entry": 1,
 "sort_field": "modified",
 "sort_order": "DESC",
 "track_changes": 1
}