{
 "allow_copy": 0,
 "allow_import": 0,
 "allow_rename": 0,
 "beta": 0,
 "creation": "2013-02-22 01:27:45",
 "custom": 0,
 "docstatus": 0,
 "doctype": "DocType",
 "editable_grid": 1,
 "fields": [
  {
   "allow_on_submit": 0,
   "bold": 0,
   "collapsible": 0,
   "fieldname": "branch",
   "fieldtype": "Link",
   "hidden": 0,
   "ignore_user_permissions": 0,
   "ignore_xss_filter": 0,
   "in_filter": 0,
   "in_list_view": 1,
   "label": "Branch",
   "length": 0,
   "no_copy": 0,
   "oldfieldname": "branch",
   "oldfieldtype": "Select",
   "options": "Branch",
   "permlevel": 0,
   "print_hide": 0,
   "print_hide_if_no_value": 0,
   "read_only": 0,
   "report_hide": 0,
   "reqd": 0,
   "search_index": 0,
   "set_only_once": 0,
   "unique": 0
  },
  {
   "allow_on_submit": 0,
   "bold": 0,
   "collapsible": 0,
   "fieldname": "department",
   "fieldtype": "Link",
   "hidden": 0,
   "ignore_user_permissions": 0,
   "ignore_xss_filter": 0,
   "in_filter": 0,
   "in_list_view": 1,
   "label": "Department",
   "length": 0,
   "no_copy": 0,
   "oldfieldname": "department",
   "oldfieldtype": "Select",
   "options": "Department",
   "permlevel": 0,
   "print_hide": 0,
   "print_hide_if_no_value": 0,
   "read_only": 0,
   "report_hide": 0,
   "reqd": 0,
   "search_index": 0,
   "set_only_once": 0,
   "unique": 0
  },
  {
   "allow_on_submit": 0,
   "bold": 0,
   "collapsible": 0,
   "fieldname": "designation",
   "fieldtype": "Link",
   "hidden": 0,
   "ignore_user_permissions": 0,
   "ignore_xss_filter": 0,
   "in_filter": 0,
   "in_list_view": 1,
   "label": "Designation",
   "length": 0,
   "no_copy": 0,
   "oldfieldname": "designation",
   "oldfieldtype": "Select",
   "options": "Designation",
   "permlevel": 0,
   "print_hide": 0,
   "print_hide_if_no_value": 0,
   "read_only": 0,
   "report_hide": 0,
   "reqd": 0,
   "search_index": 0,
   "set_only_once": 0,
   "unique": 0
  },
  {
   "allow_on_submit": 0,
   "bold": 0,
   "collapsible": 0,
   "fieldname": "from_date",
   "fieldtype": "Date",
   "hidden": 0,
   "ignore_user_permissions": 0,
   "ignore_xss_filter": 0,
   "in_filter": 0,
   "in_list_view": 1,
   "label": "From Date",
   "length": 0,
   "no_copy": 0,
   "oldfieldname": "from_date",
   "oldfieldtype": "Date",
   "permlevel": 0,
   "print_hide": 0,
   "print_hide_if_no_value": 0,
   "read_only": 0,
   "report_hide": 0,
   "reqd": 0,
   "search_index": 0,
   "set_only_once": 0,
   "unique": 0
  },
  {
   "allow_on_submit": 0,
   "bold": 0,
   "collapsible": 0,
   "fieldname": "to_date",
   "fieldtype": "Date",
   "hidden": 0,
   "ignore_user_permissions": 0,
   "ignore_xss_filter": 0,
   "in_filter": 0,
   "in_list_view": 1,
   "label": "To Date",
   "length": 0,
   "no_copy": 0,
   "oldfieldname": "to_date",
   "oldfieldtype": "Date",
   "permlevel": 0,
   "print_hide": 0,
   "print_hide_if_no_value": 0,
   "read_only": 0,
   "report_hide": 0,
   "reqd": 0,
   "search_index": 0,
   "set_only_once": 0,
   "unique": 0
  }
 ],
 "hide_heading": 0,
 "hide_toolbar": 0,
 "idx": 1,
 "image_view": 0,
 "in_create": 0,

 "is_submittable": 0,
 "issingle": 0,
 "istable": 1,
 "max_attachments": 0,
 "modified": "2016-07-11 03:28:00.195130",
 "modified_by": "Administrator",
 "module": "Setup",
 "name": "Employee Internal Work History",
 "owner": "Administrator",
 "permissions": [],
 "quick_entry": 0,
 "read_only": 0,
 "read_only_onload": 0,
 "sort_field": "modified",
 "sort_order": "DESC",
 "track_seen": 0
}