{
 "action": "Show Form Tour",
 "action_label": "Let\u2019s walk-through Selling Settings",
 "creation": "2020-06-01 13:01:45.615189",
 "description": "# Selling Settings\n\nCRM and Selling module\u2019s features are configurable as per your business needs. Selling Settings is the place where you can set your preferences for:\n - Customer naming and default values\n - Billing and shipping preference in sales transactions\n",
 "docstatus": 0,
 "doctype": "Onboarding Step",
 "idx": 0,
 "is_complete": 0,
 "is_single": 1,
 "is_skipped": 0,
 "modified": "2021-08-24 18:11:21.264335",
 "modified_by": "Administrator",
 "name": "Selling Settings",
 "owner": "Administrator",
 "reference_document": "Selling Settings",
 "show_form_tour": 0,
 "show_full_form": 0,
 "title": "Selling Settings",
 "validate_action": 0
}