{
 "actions": [],
 "autoname": "hash",
 "creation": "2013-02-22 01:27:51",
 "doctype": "DocType",
 "editable_grid": 1,
 "engine": "InnoDB",
 "field_order": [
  "item_code",
  "serial_and_batch_bundle",
  "serial_no",
  "qty",
  "description",
  "prevdoc_detail_docname",
  "prevdoc_docname",
  "prevdoc_doctype"
 ],
 "fields": [
  {
   "fieldname": "item_code",
   "fieldtype": "Link",
   "in_global_search": 1,
   "in_list_view": 1,
   "label": "Item Code",
   "oldfieldname": "item_code",
   "oldfieldtype": "Link",
   "options": "Item",
   "reqd": 1
  },
  {
   "fieldname": "serial_no",
   "fieldtype": "Small Text",
   "label": "Serial No",
   "no_copy": 1,
   "oldfieldname": "serial_no",
   "oldfieldtype": "Small Text",
   "print_hide": 1,
   "print_width": "180px",
   "width": "180px"
  },
  {
   "fieldname": "qty",
   "fieldtype": "Float",
   "in_list_view": 1,
   "label": "Installed Qty",
   "oldfieldname": "qty",
   "oldfieldtype": "Currency",
   "reqd": 1
  },
  {
   "fieldname": "description",
   "fieldtype": "Text Editor",
   "in_global_search": 1,
   "in_list_view": 1,
   "label": "Description",
   "oldfieldname": "description",
   "oldfieldtype": "Data",
   "print_width": "300px",
   "read_only": 1,
   "width": "300px"
  },
  {
   "fieldname": "prevdoc_detail_docname",
   "fieldtype": "Data",
   "hidden": 1,
   "label": "Against Document Detail No",
   "no_copy": 1,
   "oldfieldname": "prevdoc_detail_docname",
   "oldfieldtype": "Data",
   "print_hide": 1,
   "print_width": "150px",
   "read_only": 1,
   "width": "150px"
  },
  {
   "fieldname": "prevdoc_docname",
   "fieldtype": "Data",
   "hidden": 1,
   "label": "Against Document No",
   "no_copy": 1,
   "oldfieldname": "prevdoc_docname",
   "oldfieldtype": "Data",
   "print_hide": 1,
   "print_width": "150px",
   "read_only": 1,
   "search_index": 1,
   "width": "150px"
  },
  {
   "fieldname": "prevdoc_doctype",
   "fieldtype": "Data",
   "hidden": 1,
   "label": "Document Type",
   "no_copy": 1,
   "oldfieldname": "prevdoc_doctype",
   "oldfieldtype": "Data",
   "print_hide": 1,
   "print_width": "150px",
   "read_only": 1,
   "search_index": 1,
   "width": "150px"
  },
  {
   "fieldname": "serial_and_batch_bundle",
   "fieldtype": "Link",
   "label": "Serial and Batch Bundle",
   "no_copy": 1,
   "options": "Serial and Batch Bundle",
   "print_hide": 1
  }
 ],
 "idx": 1,
 "istable": 1,
 "links": [],
 "modified": "2023-03-12 13:47:08.257955",
 "modified_by": "Administrator",
 "module": "Selling",
 "name": "Installation Note Item",
 "naming_rule": "Random",
 "owner": "Administrator",
 "permissions": [],
 "sort_field": "modified",
 "sort_order": "ASC",
 "states": [],
 "track_changes": 1
}