{
 "chart_name": "Top Customers",
 "chart_type": "Report",
 "creation": "2020-07-20 20:17:16.539281",
 "custom_options": "",
 "docstatus": 0,
 "doctype": "Dashboard Chart",
 "dynamic_filters_json": "{\"company\":\"frappe.defaults.get_user_default(\\\"Company\\\")\",\"fiscal_year\":\"erpnext.utils.get_fiscal_year()\"}",
 "filters_json": "{\"period\":\"Yearly\",\"based_on\":\"Customer\"}",
 "idx": 0,
 "is_public": 1,
 "is_standard": 1,
 "modified": "2023-07-19 13:14:20.151502",
 "modified_by": "Administrator",
 "module": "Selling",
 "name": "Top Customers",
 "number_of_groups": 0,
 "owner": "Administrator",
 "report_name": "Delivery Note Trends",
 "roles": [],
 "timeseries": 0,
 "type": "Bar",
 "use_report_chart": 1,
 "y_axis": []
}