{
 "action": "Create Entry",
 "action_label": "Let\u2019s create your first Supplier",
 "creation": "2020-05-14 22:09:10.043554",
 "description": "# Create a Supplier\n\nAlso known as Vendor, is a master at the center of your purchase transactions. Suppliers are linked in Request for Quotation, Purchase Orders, Receipts, and Payments. Suppliers can be either numbered or identified by name.\n\nThrough Supplier\u2019s master, you can effectively track essentials like:\n - Supplier\u2019s multiple address and contacts\n - Account Receivables\n - Credit Limit and Credit Period\n",
 "docstatus": 0,
 "doctype": "Onboarding Step",
 "idx": 1,
 "is_complete": 0,
 "is_single": 0,
 "is_skipped": 0,
 "modified": "2023-05-19 15:32:55.069257",
 "modified_by": "Administrator",
 "name": "Create a Supplier",
 "owner": "Administrator",
 "reference_document": "Supplier",
 "show_form_tour": 0,
 "show_full_form": 0,
 "title": "Create a Supplier",
 "validate_action": 1
}