{
 "allow_copy": 0, 
 "allow_guest_to_view": 0, 
 "allow_import": 0, 
 "allow_rename": 0, 
 "beta": 0, 
 "creation": "2018-05-16 21:15:21.207007", 
 "custom": 0, 
 "docstatus": 0, 
 "doctype": "DocType", 
 "document_type": "", 
 "editable_grid": 1, 
 "engine": "InnoDB", 
 "fields": [
  {
   "allow_bulk_edit": 0, 
   "allow_on_submit": 0, 
   "bold": 0, 
   "collapsible": 0, 
   "columns": 0, 
   "fieldname": "source_name", 
   "fieldtype": "Data", 
   "hidden": 0, 
   "ignore_user_permissions": 0, 
   "ignore_xss_filter": 0, 
   "in_filter": 0, 
   "in_global_search": 0, 
   "in_list_view": 1, 
   "in_standard_filter": 0, 
   "label": "Source Name", 
   "length": 0, 
   "no_copy": 0, 
   "permlevel": 0, 
   "precision": "", 
   "print_hide": 0, 
   "print_hide_if_no_value": 0, 
   "read_only": 0, 
   "remember_last_selected_value": 0, 
   "report_hide": 0, 
   "reqd": 0, 
   "search_index": 0, 
   "set_only_once": 0, 
   "translatable": 0, 
   "unique": 0
  }, 
  {
   "allow_bulk_edit": 0, 
   "allow_on_submit": 0, 
   "bold": 0, 
   "collapsible": 0, 
   "columns": 0, 
   "fieldname": "source_type", 
   "fieldtype": "Select", 
   "hidden": 0, 
   "ignore_user_permissions": 0, 
   "ignore_xss_filter": 0, 
   "in_filter": 0, 
   "in_global_search": 0, 
   "in_list_view": 1, 
   "in_standard_filter": 0, 
   "label": "Source Type", 
   "length": 0, 
   "no_copy": 0, 
   "options": "API\nLink", 
   "permlevel": 0, 
   "precision": "", 
   "print_hide": 0, 
   "print_hide_if_no_value": 0, 
   "read_only": 0, 
   "remember_last_selected_value": 0, 
   "report_hide": 0, 
   "reqd": 1, 
   "search_index": 0, 
   "set_only_once": 0, 
   "translatable": 0, 
   "unique": 0
  }, 
  {
   "allow_bulk_edit": 0, 
   "allow_on_submit": 0, 
   "bold": 0, 
   "collapsible": 0, 
   "columns": 0, 
   "depends_on": "eval:doc.source_type==\"API\"", 
   "fieldname": "api_sb", 
   "fieldtype": "Section Break", 
   "hidden": 0, 
   "ignore_user_permissions": 0, 
   "ignore_xss_filter": 0, 
   "in_filter": 0, 
   "in_global_search": 0, 
   "in_list_view": 0, 
   "in_standard_filter": 0, 
   "label": "API", 
   "length": 0, 
   "no_copy": 0, 
   "permlevel": 0, 
   "precision": "", 
   "print_hide": 0, 
   "print_hide_if_no_value": 0, 
   "read_only": 0, 
   "remember_last_selected_value": 0, 
   "report_hide": 0, 
   "reqd": 0, 
   "search_index": 0, 
   "set_only_once": 0, 
   "translatable": 0, 
   "unique": 0
  }, 
  {
   "allow_bulk_edit": 0, 
   "allow_on_submit": 0, 
   "bold": 0, 
   "collapsible": 0, 
   "columns": 0, 
   "fieldname": "base_url", 
   "fieldtype": "Data", 
   "hidden": 0, 
   "ignore_user_permissions": 0, 
   "ignore_xss_filter": 0, 
   "in_filter": 0, 
   "in_global_search": 0, 
   "in_list_view": 0, 
   "in_standard_filter": 0, 
   "label": "Base URL", 
   "length": 0, 
   "no_copy": 0, 
   "permlevel": 0, 
   "precision": "", 
   "print_hide": 0, 
   "print_hide_if_no_value": 0, 
   "read_only": 0, 
   "remember_last_selected_value": 0, 
   "report_hide": 0, 
   "reqd": 0, 
   "search_index": 0, 
   "set_only_once": 0, 
   "translatable": 0, 
   "unique": 0
  }, 
  {
   "allow_bulk_edit": 0, 
   "allow_on_submit": 0, 
   "bold": 0, 
   "collapsible": 0, 
   "collapsible_depends_on": "", 
   "columns": 0, 
   "depends_on": "eval:doc.source_type==\"API\"", 
   "fieldname": "query_options_sb", 
   "fieldtype": "Section Break", 
   "hidden": 0, 
   "ignore_user_permissions": 0, 
   "ignore_xss_filter": 0, 
   "in_filter": 0, 
   "in_global_search": 0, 
   "in_list_view": 0, 
   "in_standard_filter": 0, 
   "label": "Query Options", 
   "length": 0, 
   "no_copy": 0, 
   "permlevel": 0, 
   "precision": "", 
   "print_hide": 0, 
   "print_hide_if_no_value": 0, 
   "read_only": 0, 
   "remember_last_selected_value": 0, 
   "report_hide": 0, 
   "reqd": 0, 
   "search_index": 0, 
   "set_only_once": 0, 
   "translatable": 0, 
   "unique": 0
  }, 
  {
   "allow_bulk_edit": 0, 
   "allow_on_submit": 0, 
   "bold": 0, 
   "collapsible": 0, 
   "columns": 0, 
   "fieldname": "query_route", 
   "fieldtype": "Data", 
   "hidden": 0, 
   "ignore_user_permissions": 0, 
   "ignore_xss_filter": 0, 
   "in_filter": 0, 
   "in_global_search": 0, 
   "in_list_view": 0, 
   "in_standard_filter": 0, 
   "label": "Query Route String", 
   "length": 0, 
   "no_copy": 0, 
   "permlevel": 0, 
   "precision": "", 
   "print_hide": 0, 
   "print_hide_if_no_value": 0, 
   "read_only": 0, 
   "remember_last_selected_value": 0, 
   "report_hide": 0, 
   "reqd": 0, 
   "search_index": 0, 
   "set_only_once": 0, 
   "translatable": 0, 
   "unique": 0
  }, 
  {
   "allow_bulk_edit": 0, 
   "allow_on_submit": 0, 
   "bold": 0, 
   "collapsible": 0, 
   "columns": 0, 
   "fieldname": "cb_1", 
   "fieldtype": "Column Break", 
   "hidden": 0, 
   "ignore_user_permissions": 0, 
   "ignore_xss_filter": 0, 
   "in_filter": 0, 
   "in_global_search": 0, 
   "in_list_view": 0, 
   "in_standard_filter": 0, 
   "length": 0, 
   "no_copy": 0, 
   "permlevel": 0, 
   "precision": "", 
   "print_hide": 0, 
   "print_hide_if_no_value": 0, 
   "read_only": 0, 
   "remember_last_selected_value": 0, 
   "report_hide": 0, 
   "reqd": 0, 
   "search_index": 0, 
   "set_only_once": 0, 
   "translatable": 0, 
   "unique": 0
  }, 
  {
   "allow_bulk_edit": 0, 
   "allow_on_submit": 0, 
   "bold": 0, 
   "collapsible": 0, 
   "columns": 0, 
   "fieldname": "search_term_param_name", 
   "fieldtype": "Data", 
   "hidden": 0, 
   "ignore_user_permissions": 0, 
   "ignore_xss_filter": 0, 
   "in_filter": 0, 
   "in_global_search": 0, 
   "in_list_view": 0, 
   "in_standard_filter": 0, 
   "label": "Search Term Param Name", 
   "length": 0, 
   "no_copy": 0, 
   "permlevel": 0, 
   "precision": "", 
   "print_hide": 0, 
   "print_hide_if_no_value": 0, 
   "read_only": 0, 
   "remember_last_selected_value": 0, 
   "report_hide": 0, 
   "reqd": 0, 
   "search_index": 0, 
   "set_only_once": 0, 
   "translatable": 0, 
   "unique": 0
  }, 
  {
   "allow_bulk_edit": 0, 
   "allow_on_submit": 0, 
   "bold": 0, 
   "collapsible": 0, 
   "collapsible_depends_on": "", 
   "columns": 0, 
   "depends_on": "eval:doc.source_type==\"API\"", 
   "fieldname": "response_options_sb", 
   "fieldtype": "Section Break", 
   "hidden": 0, 
   "ignore_user_permissions": 0, 
   "ignore_xss_filter": 0, 
   "in_filter": 0, 
   "in_global_search": 0, 
   "in_list_view": 0, 
   "in_standard_filter": 0, 
   "label": "Response Options", 
   "length": 0, 
   "no_copy": 0, 
   "permlevel": 0, 
   "precision": "", 
   "print_hide": 0, 
   "print_hide_if_no_value": 0, 
   "read_only": 0, 
   "remember_last_selected_value": 0, 
   "report_hide": 0, 
   "reqd": 0, 
   "search_index": 0, 
   "set_only_once": 0, 
   "translatable": 0, 
   "unique": 0
  }, 
  {
   "allow_bulk_edit": 0, 
   "allow_on_submit": 0, 
   "bold": 0, 
   "collapsible": 0, 
   "columns": 0, 
   "fieldname": "response_result_key_path", 
   "fieldtype": "Data", 
   "hidden": 0, 
   "ignore_user_permissions": 0, 
   "ignore_xss_filter": 0, 
   "in_filter": 0, 
   "in_global_search": 0, 
   "in_list_view": 0, 
   "in_standard_filter": 0, 
   "label": "Response Result Key Path", 
   "length": 0, 
   "no_copy": 0, 
   "permlevel": 0, 
   "precision": "", 
   "print_hide": 0, 
   "print_hide_if_no_value": 0, 
   "read_only": 0, 
   "remember_last_selected_value": 0, 
   "report_hide": 0, 
   "reqd": 0, 
   "search_index": 0, 
   "set_only_once": 0, 
   "translatable": 0, 
   "unique": 0
  }, 
  {
   "allow_bulk_edit": 0, 
   "allow_on_submit": 0, 
   "bold": 0, 
   "collapsible": 0, 
   "columns": 0, 
   "fieldname": "post_route", 
   "fieldtype": "Data", 
   "hidden": 0, 
   "ignore_user_permissions": 0, 
   "ignore_xss_filter": 0, 
   "in_filter": 0, 
   "in_global_search": 0, 
   "in_list_view": 0, 
   "in_standard_filter": 0, 
   "label": "Post Route String", 
   "length": 0, 
   "no_copy": 0, 
   "permlevel": 0, 
   "precision": "", 
   "print_hide": 0, 
   "print_hide_if_no_value": 0, 
   "read_only": 0, 
   "remember_last_selected_value": 0, 
   "report_hide": 0, 
   "reqd": 0, 
   "search_index": 0, 
   "set_only_once": 0, 
   "translatable": 0, 
   "unique": 0
  }, 
  {
   "allow_bulk_edit": 0, 
   "allow_on_submit": 0, 
   "bold": 0, 
   "collapsible": 0, 
   "columns": 0, 
   "fieldname": "post_route_key_list", 
   "fieldtype": "Data", 
   "hidden": 0, 
   "ignore_user_permissions": 0, 
   "ignore_xss_filter": 0, 
   "in_filter": 0, 
   "in_global_search": 0, 
   "in_list_view": 0, 
   "in_standard_filter": 0, 
   "label": "Post Route Key List", 
   "length": 0, 
   "no_copy": 0, 
   "permlevel": 0, 
   "precision": "", 
   "print_hide": 0, 
   "print_hide_if_no_value": 0, 
   "read_only": 0, 
   "remember_last_selected_value": 0, 
   "report_hide": 0, 
   "reqd": 0, 
   "search_index": 0, 
   "set_only_once": 0, 
   "translatable": 0, 
   "unique": 0
  }, 
  {
   "allow_bulk_edit": 0, 
   "allow_on_submit": 0, 
   "bold": 0, 
   "collapsible": 0, 
   "columns": 0, 
   "fieldname": "response_post_cb", 
   "fieldtype": "Column Break", 
   "hidden": 0, 
   "ignore_user_permissions": 0, 
   "ignore_xss_filter": 0, 
   "in_filter": 0, 
   "in_global_search": 0, 
   "in_list_view": 0, 
   "in_standard_filter": 0, 
   "length": 0, 
   "no_copy": 0, 
   "permlevel": 0, 
   "precision": "", 
   "print_hide": 0, 
   "print_hide_if_no_value": 0, 
   "read_only": 0, 
   "remember_last_selected_value": 0, 
   "report_hide": 0, 
   "reqd": 0, 
   "search_index": 0, 
   "set_only_once": 0, 
   "translatable": 0, 
   "unique": 0
  }, 
  {
   "allow_bulk_edit": 0, 
   "allow_on_submit": 0, 
   "bold": 0, 
   "collapsible": 0, 
   "columns": 0, 
   "fieldname": "post_title_key", 
   "fieldtype": "Data", 
   "hidden": 0, 
   "ignore_user_permissions": 0, 
   "ignore_xss_filter": 0, 
   "in_filter": 0, 
   "in_global_search": 0, 
   "in_list_view": 0, 
   "in_standard_filter": 0, 
   "label": "Post Title Key", 
   "length": 0, 
   "no_copy": 0, 
   "permlevel": 0, 
   "precision": "", 
   "print_hide": 0, 
   "print_hide_if_no_value": 0, 
   "read_only": 0, 
   "remember_last_selected_value": 0, 
   "report_hide": 0, 
   "reqd": 0, 
   "search_index": 0, 
   "set_only_once": 0, 
   "translatable": 0, 
   "unique": 0
  }, 
  {
   "allow_bulk_edit": 0, 
   "allow_on_submit": 0, 
   "bold": 0, 
   "collapsible": 0, 
   "columns": 0, 
   "fieldname": "post_description_key", 
   "fieldtype": "Data", 
   "hidden": 0, 
   "ignore_user_permissions": 0, 
   "ignore_xss_filter": 0, 
   "in_filter": 0, 
   "in_global_search": 0, 
   "in_list_view": 0, 
   "in_standard_filter": 0, 
   "label": "Post Description Key", 
   "length": 0, 
   "no_copy": 0, 
   "permlevel": 0, 
   "precision": "", 
   "print_hide": 0, 
   "print_hide_if_no_value": 0, 
   "read_only": 0, 
   "remember_last_selected_value": 0, 
   "report_hide": 0, 
   "reqd": 0, 
   "search_index": 0, 
   "set_only_once": 0, 
   "translatable": 0, 
   "unique": 0
  }, 
  {
   "allow_bulk_edit": 0, 
   "allow_on_submit": 0, 
   "bold": 0, 
   "collapsible": 0, 
   "collapsible_depends_on": "", 
   "columns": 0, 
   "depends_on": "eval:doc.source_type==\"Link\"", 
   "fieldname": "link_options_sb", 
   "fieldtype": "Section Break", 
   "hidden": 0, 
   "ignore_user_permissions": 0, 
   "ignore_xss_filter": 0, 
   "in_filter": 0, 
   "in_global_search": 0, 
   "in_list_view": 0, 
   "in_standard_filter": 0, 
   "label": "Link Options", 
   "length": 0, 
   "no_copy": 0, 
   "permlevel": 0, 
   "precision": "", 
   "print_hide": 0, 
   "print_hide_if_no_value": 0, 
   "read_only": 0, 
   "remember_last_selected_value": 0, 
   "report_hide": 0, 
   "reqd": 0, 
   "search_index": 0, 
   "set_only_once": 0, 
   "translatable": 0, 
   "unique": 0
  }, 
  {
   "allow_bulk_edit": 0, 
   "allow_on_submit": 0, 
   "bold": 0, 
   "collapsible": 0, 
   "columns": 0, 
   "fieldname": "source_doctype", 
   "fieldtype": "Link", 
   "hidden": 0, 
   "ignore_user_permissions": 0, 
   "ignore_xss_filter": 0, 
   "in_filter": 0, 
   "in_global_search": 0, 
   "in_list_view": 0, 
   "in_standard_filter": 0, 
   "label": "Source DocType", 
   "length": 0, 
   "no_copy": 0, 
   "options": "DocType", 
   "permlevel": 0, 
   "precision": "", 
   "print_hide": 0, 
   "print_hide_if_no_value": 0, 
   "read_only": 0, 
   "remember_last_selected_value": 0, 
   "report_hide": 0, 
   "reqd": 0, 
   "search_index": 0, 
   "set_only_once": 0, 
   "translatable": 0, 
   "unique": 0
  }, 
  {
   "allow_bulk_edit": 0, 
   "allow_on_submit": 0, 
   "bold": 0, 
   "collapsible": 0, 
   "columns": 0, 
   "fieldname": "result_title_field", 
   "fieldtype": "Data", 
   "hidden": 0, 
   "ignore_user_permissions": 0, 
   "ignore_xss_filter": 0, 
   "in_filter": 0, 
   "in_global_search": 0, 
   "in_list_view": 0, 
   "in_standard_filter": 0, 
   "label": "Result Title Field", 
   "length": 0, 
   "no_copy": 0, 
   "permlevel": 0, 
   "precision": "", 
   "print_hide": 0, 
   "print_hide_if_no_value": 0, 
   "read_only": 0, 
   "remember_last_selected_value": 0, 
   "report_hide": 0, 
   "reqd": 0, 
   "search_index": 0, 
   "set_only_once": 0, 
   "translatable": 0, 
   "unique": 0
  }, 
  {
   "allow_bulk_edit": 0, 
   "allow_on_submit": 0, 
   "bold": 0, 
   "collapsible": 0, 
   "columns": 0, 
   "fieldname": "result_preview_field", 
   "fieldtype": "Data", 
   "hidden": 0, 
   "ignore_user_permissions": 0, 
   "ignore_xss_filter": 0, 
   "in_filter": 0, 
   "in_global_search": 0, 
   "in_list_view": 0, 
   "in_standard_filter": 0, 
   "label": "Result Preview Field", 
   "length": 0, 
   "no_copy": 0, 
   "permlevel": 0, 
   "precision": "", 
   "print_hide": 0, 
   "print_hide_if_no_value": 0, 
   "read_only": 0, 
   "remember_last_selected_value": 0, 
   "report_hide": 0, 
   "reqd": 0, 
   "search_index": 0, 
   "set_only_once": 0, 
   "translatable": 0, 
   "unique": 0
  }, 
  {
   "allow_bulk_edit": 0, 
   "allow_on_submit": 0, 
   "bold": 0, 
   "collapsible": 0, 
   "columns": 0, 
   "fieldname": "result_route_field", 
   "fieldtype": "Data", 
   "hidden": 0, 
   "ignore_user_permissions": 0, 
   "ignore_xss_filter": 0, 
   "in_filter": 0, 
   "in_global_search": 0, 
   "in_list_view": 0, 
   "in_standard_filter": 0, 
   "label": "Result Route Field", 
   "length": 0, 
   "no_copy": 0, 
   "permlevel": 0, 
   "precision": "", 
   "print_hide": 0, 
   "print_hide_if_no_value": 0, 
   "read_only": 0, 
   "remember_last_selected_value": 0, 
   "report_hide": 0, 
   "reqd": 0, 
   "search_index": 0, 
   "set_only_once": 0, 
   "translatable": 0, 
   "unique": 0
  }
 ], 
 "has_web_view": 0, 
 "hide_heading": 0, 
 "hide_toolbar": 0, 
 "idx": 0, 
 "image_view": 0, 
 "in_create": 0, 
 "is_submittable": 0, 
 "issingle": 0, 
 "istable": 1, 
 "max_attachments": 0, 
 "modified": "2018-05-18 18:36:37.129830", 
 "modified_by": "Administrator", 
 "module": "Support", 
 "name": "Support Search Source", 
 "name_case": "", 
 "owner": "Administrator", 
 "permissions": [], 
 "quick_entry": 1, 
 "read_only": 0, 
 "read_only_onload": 0, 
 "show_name_in_global_search": 0, 
 "sort_field": "modified", 
 "sort_order": "DESC", 
 "track_changes": 1, 
 "track_seen": 0
}