{
 "action": "Go to Page",
 "creation": "2022-01-29 20:14:24.803844",
 "description": "# CRM Settings\n\nCRM module\u2019s features are configurable as per your business needs. CRM Settings is the place where you can set your preferences for:\n- Campaign\n- Lead\n- Opportunity\n- Quotation",
 "docstatus": 0,
 "doctype": "Onboarding Step",
 "idx": 0,
 "is_complete": 0,
 "is_single": 1,
 "is_skipped": 0,
 "modified": "2022-01-29 20:14:24.803844",
 "modified_by": "Administrator",
 "name": "CRM Settings",
 "owner": "Administrator",
 "path": "#crm-settings/CRM%20Settings",
 "reference_document": "CRM Settings",
 "show_form_tour": 0,
 "show_full_form": 0,
 "title": "CRM Settings",
 "validate_action": 1
}