{
 "actions": [],
 "creation": "2020-07-16 16:11:39.830389",
 "doctype": "DocType",
 "editable_grid": 1,
 "engine": "InnoDB",
 "field_order": [
  "lost_reason"
 ],
 "fields": [
  {
   "fieldname": "lost_reason",
   "fieldtype": "Link",
   "in_list_view": 1,
   "label": "Opportunity Lost Reason",
   "options": "Opportunity Lost Reason"
  }
 ],
 "istable": 1,
 "links": [],
 "modified": "2020-07-26 17:58:26.313242",
 "modified_by": "Administrator",
 "module": "CRM",
 "name": "Opportunity Lost Reason Detail",
 "owner": "Administrator",
 "permissions": [],
 "quick_entry": 1,
 "sort_field": "modified",
 "sort_order": "DESC",
 "track_changes": 1
}