{
 "charts": [
  {
   "chart_name": "Sales Order Trends",
   "label": "Sales Order Trends"
  }
 ],
 "content": "[{\"id\":\"ow595dYDrI\",\"type\":\"onboarding\",\"data\":{\"onboarding_name\":\"Selling\",\"col\":12}},{\"id\":\"vBSf8Vi9U8\",\"type\":\"chart\",\"data\":{\"chart_name\":\"Sales Order Trends\",\"col\":12}},{\"id\":\"aW2i5R5GRP\",\"type\":\"spacer\",\"data\":{\"col\":12}},{\"id\":\"1it3dCOnm6\",\"type\":\"header\",\"data\":{\"text\":\"<span class=\\\"h4\\\"><b>Quick Access</b></span>\",\"col\":12}},{\"id\":\"x7pLl-spS4\",\"type\":\"shortcut\",\"data\":{\"shortcut_name\":\"Item\",\"col\":3}},{\"id\":\"SSGrXWmY-H\",\"type\":\"shortcut\",\"data\":{\"shortcut_name\":\"Sales Order\",\"col\":3}},{\"id\":\"-5J_yLxDaS\",\"type\":\"shortcut\",\"data\":{\"shortcut_name\":\"Sales Analytics\",\"col\":3}},{\"id\":\"6YEYpnIBKV\",\"type\":\"shortcut\",\"data\":{\"shortcut_name\":\"Point of Sale\",\"col\":3}},{\"id\":\"c_GjZuZ2oN\",\"type\":\"shortcut\",\"data\":{\"shortcut_name\":\"Dashboard\",\"col\":3}},{\"id\":\"mX-9DJSyT2\",\"type\":\"shortcut\",\"data\":{\"shortcut_name\":\"Learn Sales Management\",\"col\":3}},{\"id\":\"oNjjNbnUHp\",\"type\":\"spacer\",\"data\":{\"col\":12}},{\"id\":\"0BcePLg0g1\",\"type\":\"header\",\"data\":{\"text\":\"<span class=\\\"h4\\\"><b>Reports &amp; Masters</b></span>\",\"col\":12}},{\"id\":\"uze5dJ1ipL\",\"type\":\"card\",\"data\":{\"card_name\":\"Selling\",\"col\":4}},{\"id\":\"3j2fYwMAkq\",\"type\":\"card\",\"data\":{\"card_name\":\"Point of Sale\",\"col\":4}},{\"id\":\"xImm8NepFt\",\"type\":\"card\",\"data\":{\"card_name\":\"Items and Pricing\",\"col\":4}},{\"id\":\"6MjIe7KCQo\",\"type\":\"card\",\"data\":{\"card_name\":\"Settings\",\"col\":4}},{\"id\":\"lBu2EKgmJF\",\"type\":\"card\",\"data\":{\"card_name\":\"Key Reports\",\"col\":4}},{\"id\":\"1ARHrjg4kI\",\"type\":\"card\",\"data\":{\"card_name\":\"Other Reports\",\"col\":4}}]",
 "creation": "2020-01-28 11:49:12.092882",
 "custom_blocks": [],
 "docstatus": 0,
 "doctype": "Workspace",
 "for_user": "",
 "hide_custom": 0,
 "icon": "sell",
 "idx": 0,
 "is_hidden": 0,
 "label": "Selling",
 "links": [
  {
   "hidden": 0,
   "is_query_report": 0,
   "label": "Selling",
   "link_count": 0,
   "onboard": 0,
   "type": "Card Break"
  },
  {
   "dependencies": "",
   "hidden": 0,
   "is_query_report": 0,
   "label": "Customer",
   "link_count": 0,
   "link_to": "Customer",
   "link_type": "DocType",
   "onboard": 1,
   "type": "Link"
  },
  {
   "dependencies": "Item, Customer",
   "hidden": 0,
   "is_query_report": 0,
   "label": "Quotation",
   "link_count": 0,
   "link_to": "Quotation",
   "link_type": "DocType",
   "onboard": 1,
   "type": "Link"
  },
  {
   "dependencies": "Item, Customer",
   "hidden": 0,
   "is_query_report": 0,
   "label": "Sales Order",
   "link_count": 0,
   "link_to": "Sales Order",
   "link_type": "DocType",
   "onboard": 1,
   "type": "Link"
  },
  {
   "dependencies": "Item, Customer",
   "hidden": 0,
   "is_query_report": 0,
   "label": "Sales Invoice",
   "link_count": 0,
   "link_to": "Sales Invoice",
   "link_type": "DocType",
   "onboard": 1,
   "type": "Link"
  },
  {
   "dependencies": "Item, Customer",
   "hidden": 0,
   "is_query_report": 0,
   "label": "Blanket Order",
   "link_count": 0,
   "link_to": "Blanket Order",
   "link_type": "DocType",
   "onboard": 1,
   "type": "Link"
  },
  {
   "dependencies": "Item",
   "hidden": 0,
   "is_query_report": 0,
   "label": "Sales Partner",
   "link_count": 0,
   "link_to": "Sales Partner",
   "link_type": "DocType",
   "onboard": 0,
   "type": "Link"
  },
  {
   "dependencies": "Item, Customer",
   "hidden": 0,
   "is_query_report": 0,
   "label": "Sales Person",
   "link_count": 0,
   "link_to": "Sales Person",
   "link_type": "DocType",
   "onboard": 0,
   "type": "Link"
  },
  {
   "hidden": 0,
   "is_query_report": 0,
   "label": "Items and Pricing",
   "link_count": 0,
   "onboard": 0,
   "type": "Card Break"
  },
  {
   "dependencies": "",
   "hidden": 0,
   "is_query_report": 0,
   "label": "Item",
   "link_count": 0,
   "link_to": "Item",
   "link_type": "DocType",
   "onboard": 1,
   "type": "Link"
  },
  {
   "dependencies": "Item, Price List",
   "hidden": 0,
   "is_query_report": 0,
   "label": "Item Price",
   "link_count": 0,
   "link_to": "Item Price",
   "link_type": "DocType",
   "onboard": 1,
   "type": "Link"
  },
  {
   "dependencies": "",
   "hidden": 0,
   "is_query_report": 0,
   "label": "Price List",
   "link_count": 0,
   "link_to": "Price List",
   "link_type": "DocType",
   "onboard": 1,
   "type": "Link"
  },
  {
   "dependencies": "",
   "hidden": 0,
   "is_query_report": 0,
   "label": "Item Group",
   "link_count": 0,
   "link_to": "Item Group",
   "link_type": "DocType",
   "onboard": 1,
   "type": "Link"
  },
  {
   "dependencies": "Item",
   "hidden": 0,
   "is_query_report": 0,
   "label": "Product Bundle",
   "link_count": 0,
   "link_to": "Product Bundle",
   "link_type": "DocType",
   "onboard": 0,
   "type": "Link"
  },
  {
   "dependencies": "",
   "hidden": 0,
   "is_query_report": 0,
   "label": "Promotional Scheme",
   "link_count": 0,
   "link_to": "Promotional Scheme",
   "link_type": "DocType",
   "onboard": 0,
   "type": "Link"
  },
  {
   "dependencies": "Item",
   "hidden": 0,
   "is_query_report": 0,
   "label": "Pricing Rule",
   "link_count": 0,
   "link_to": "Pricing Rule",
   "link_type": "DocType",
   "onboard": 0,
   "type": "Link"
  },
  {
   "dependencies": "",
   "hidden": 0,
   "is_query_report": 0,
   "label": "Shipping Rule",
   "link_count": 0,
   "link_to": "Shipping Rule",
   "link_type": "DocType",
   "onboard": 0,
   "type": "Link"
  },
  {
   "dependencies": "",
   "hidden": 0,
   "is_query_report": 0,
   "label": "Coupon Code",
   "link_count": 0,
   "link_to": "Coupon Code",
   "link_type": "DocType",
   "onboard": 0,
   "type": "Link"
  },
  {
   "hidden": 0,
   "is_query_report": 0,
   "label": "Settings",
   "link_count": 0,
   "onboard": 0,
   "type": "Card Break"
  },
  {
   "dependencies": "",
   "hidden": 0,
   "is_query_report": 0,
   "label": "Selling Settings",
   "link_count": 0,
   "link_to": "Selling Settings",
   "link_type": "DocType",
   "onboard": 0,
   "type": "Link"
  },
  {
   "dependencies": "",
   "hidden": 0,
   "is_query_report": 0,
   "label": "Terms and Conditions Template",
   "link_count": 0,
   "link_to": "Terms and Conditions",
   "link_type": "DocType",
   "onboard": 1,
   "type": "Link"
  },
  {
   "dependencies": "",
   "hidden": 0,
   "is_query_report": 0,
   "label": "Sales Taxes and Charges Template",
   "link_count": 0,
   "link_to": "Sales Taxes and Charges Template",
   "link_type": "DocType",
   "onboard": 1,
   "type": "Link"
  },
  {
   "dependencies": "",
   "hidden": 0,
   "is_query_report": 0,
   "label": "Lead Source",
   "link_count": 0,
   "link_to": "Lead Source",
   "link_type": "DocType",
   "onboard": 0,
   "type": "Link"
  },
  {
   "dependencies": "",
   "hidden": 0,
   "is_query_report": 0,
   "label": "Customer Group",
   "link_count": 0,
   "link_to": "Customer Group",
   "link_type": "DocType",
   "onboard": 0,
   "type": "Link"
  },
  {
   "dependencies": "",
   "hidden": 0,
   "is_query_report": 0,
   "label": "Contact",
   "link_count": 0,
   "link_to": "Contact",
   "link_type": "DocType",
   "onboard": 0,
   "type": "Link"
  },
  {
   "dependencies": "",
   "hidden": 0,
   "is_query_report": 0,
   "label": "Address",
   "link_count": 0,
   "link_to": "Address",
   "link_type": "DocType",
   "onboard": 0,
   "type": "Link"
  },
  {
   "dependencies": "",
   "hidden": 0,
   "is_query_report": 0,
   "label": "Territory",
   "link_count": 0,
   "link_to": "Territory",
   "link_type": "DocType",
   "onboard": 0,
   "type": "Link"
  },
  {
   "dependencies": "",
   "hidden": 0,
   "is_query_report": 0,
   "label": "Campaign",
   "link_count": 0,
   "link_to": "Campaign",
   "link_type": "DocType",
   "onboard": 0,
   "type": "Link"
  },
  {
   "hidden": 0,
   "is_query_report": 0,
   "label": "Point of Sale",
   "link_count": 6,
   "onboard": 0,
   "type": "Card Break"
  },
  {
   "hidden": 0,
   "is_query_report": 0,
   "label": "Point-of-Sale Profile",
   "link_count": 0,
   "link_to": "POS Profile",
   "link_type": "DocType",
   "onboard": 0,
   "type": "Link"
  },
  {
   "hidden": 0,
   "is_query_report": 0,
   "label": "POS Settings",
   "link_count": 0,
   "link_to": "POS Settings",
   "link_type": "DocType",
   "onboard": 0,
   "type": "Link"
  },
  {
   "hidden": 0,
   "is_query_report": 0,
   "label": "POS Opening Entry",
   "link_count": 0,
   "link_to": "POS Opening Entry",
   "link_type": "DocType",
   "onboard": 0,
   "type": "Link"
  },
  {
   "hidden": 0,
   "is_query_report": 0,
   "label": "POS Closing Entry",
   "link_count": 0,
   "link_to": "POS Closing Entry",
   "link_type": "DocType",
   "onboard": 0,
   "type": "Link"
  },
  {
   "hidden": 0,
   "is_query_report": 0,
   "label": "Loyalty Program",
   "link_count": 0,
   "link_to": "Loyalty Program",
   "link_type": "DocType",
   "onboard": 0,
   "type": "Link"
  },
  {
   "hidden": 0,
   "is_query_report": 0,
   "label": "Loyalty Point Entry",
   "link_count": 0,
   "link_to": "Loyalty Point Entry",
   "link_type": "DocType",
   "onboard": 0,
   "type": "Link"
  },
  {
   "hidden": 0,
   "is_query_report": 0,
   "label": "Key Reports",
   "link_count": 9,
   "onboard": 0,
   "type": "Card Break"
  },
  {
   "dependencies": "",
   "hidden": 0,
   "is_query_report": 1,
   "label": "Sales Analytics",
   "link_count": 0,
   "link_to": "Sales Analytics",
   "link_type": "Report",
   "onboard": 1,
   "type": "Link"
  },
  {
   "dependencies": "Sales Order",
   "hidden": 0,
   "is_query_report": 1,
   "label": "Sales Order Analysis",
   "link_count": 0,
   "link_to": "Sales Order Analysis",
   "link_type": "Report",
   "onboard": 1,
   "type": "Link"
  },
  {
   "dependencies": "",
   "hidden": 0,
   "is_query_report": 0,
   "label": "Sales Funnel",
   "link_count": 0,
   "link_to": "sales-funnel",
   "link_type": "Page",
   "onboard": 1,
   "type": "Link"
  },
  {
   "dependencies": "Sales Order",
   "hidden": 0,
   "is_query_report": 1,
   "label": "Sales Order Trends",
   "link_count": 0,
   "link_to": "Sales Order Trends",
   "link_type": "Report",
   "onboard": 0,
   "type": "Link"
  },
  {
   "dependencies": "Quotation",
   "hidden": 0,
   "is_query_report": 1,
   "label": "Quotation Trends",
   "link_count": 0,
   "link_to": "Quotation Trends",
   "link_type": "Report",
   "onboard": 0,
   "type": "Link"
  },
  {
   "dependencies": "Customer",
   "hidden": 0,
   "is_query_report": 1,
   "label": "Customer Acquisition and Loyalty",
   "link_count": 0,
   "link_to": "Customer Acquisition and Loyalty",
   "link_type": "Report",
   "onboard": 0,
   "type": "Link"
  },
  {
   "dependencies": "Sales Order",
   "hidden": 0,
   "is_query_report": 1,
   "label": "Inactive Customers",
   "link_count": 0,
   "link_to": "Inactive Customers",
   "link_type": "Report",
   "onboard": 0,
   "type": "Link"
  },
  {
   "dependencies": "Sales Order",
   "hidden": 0,
   "is_query_report": 1,
   "label": "Sales Person-wise Transaction Summary",
   "link_count": 0,
   "link_to": "Sales Person-wise Transaction Summary",
   "link_type": "Report",
   "onboard": 0,
   "type": "Link"
  },
  {
   "dependencies": "Item",
   "hidden": 0,
   "is_query_report": 1,
   "label": "Item-wise Sales History",
   "link_count": 0,
   "link_to": "Item-wise Sales History",
   "link_type": "Report",
   "onboard": 0,
   "type": "Link"
  },
  {
   "hidden": 0,
   "is_query_report": 0,
   "label": "Other Reports",
   "link_count": 11,
   "onboard": 0,
   "type": "Card Break"
  },
  {
   "dependencies": "Address",
   "hidden": 0,
   "is_query_report": 1,
   "label": "Customer Addresses And Contacts",
   "link_count": 0,
   "link_to": "Address And Contacts",
   "link_type": "Report",
   "onboard": 0,
   "type": "Link"
  },
  {
   "dependencies": "Item",
   "hidden": 0,
   "is_query_report": 1,
   "label": "Available Stock for Packing Items",
   "link_count": 0,
   "link_to": "Available Stock for Packing Items",
   "link_type": "Report",
   "onboard": 0,
   "type": "Link"
  },
  {
   "dependencies": "Sales Order",
   "hidden": 0,
   "is_query_report": 1,
   "label": "Pending SO Items For Purchase Request",
   "link_count": 0,
   "link_to": "Pending SO Items For Purchase Request",
   "link_type": "Report",
   "onboard": 0,
   "type": "Link"
  },
  {
   "dependencies": "Delivery Note",
   "hidden": 0,
   "is_query_report": 1,
   "label": "Delivery Note Trends",
   "link_count": 0,
   "link_to": "Delivery Note Trends",
   "link_type": "Report",
   "onboard": 0,
   "type": "Link"
  },
  {
   "dependencies": "Sales Invoice",
   "hidden": 0,
   "is_query_report": 1,
   "label": "Sales Invoice Trends",
   "link_count": 0,
   "link_to": "Sales Invoice Trends",
   "link_type": "Report",
   "onboard": 0,
   "type": "Link"
  },
  {
   "dependencies": "Customer",
   "hidden": 0,
   "is_query_report": 1,
   "label": "Customer Credit Balance",
   "link_count": 0,
   "link_to": "Customer Credit Balance",
   "link_type": "Report",
   "onboard": 0,
   "type": "Link"
  },
  {
   "dependencies": "Customer",
   "hidden": 0,
   "is_query_report": 1,
   "label": "Customers Without Any Sales Transactions",
   "link_count": 0,
   "link_to": "Customers Without Any Sales Transactions",
   "link_type": "Report",
   "onboard": 0,
   "type": "Link"
  },
  {
   "dependencies": "Customer",
   "hidden": 0,
   "is_query_report": 1,
   "label": "Sales Partners Commission",
   "link_count": 0,
   "link_to": "Sales Partners Commission",
   "link_type": "Report",
   "onboard": 0,
   "type": "Link"
  },
  {
   "dependencies": "Sales Order",
   "hidden": 0,
   "is_query_report": 1,
   "label": "Territory Target Variance Based On Item Group",
   "link_count": 0,
   "link_to": "Territory Target Variance Based On Item Group",
   "link_type": "Report",
   "onboard": 0,
   "type": "Link"
  },
  {
   "dependencies": "Sales Order",
   "hidden": 0,
   "is_query_report": 1,
   "label": "Sales Person Target Variance Based On Item Group",
   "link_count": 0,
   "link_to": "Sales Person Target Variance Based On Item Group",
   "link_type": "Report",
   "onboard": 0,
   "type": "Link"
  },
  {
   "dependencies": "Sales Order",
   "hidden": 0,
   "is_query_report": 1,
   "label": "Sales Partner Target Variance Based On Item Group",
   "link_count": 0,
   "link_to": "Sales Partner Target Variance based on Item Group",
   "link_type": "Report",
   "onboard": 0,
   "type": "Link"
  }
 ],
 "modified": "2023-07-04 14:35:58.204465",
 "modified_by": "Administrator",
 "module": "Selling",
 "name": "Selling",
 "number_cards": [],
 "owner": "Administrator",
 "parent_page": "",
 "public": 1,
 "quick_lists": [],
 "restrict_to_domain": "",
 "roles": [],
 "sequence_id": 6.0,
 "shortcuts": [
  {
   "color": "Grey",
   "doc_view": "List",
   "label": "Learn Sales Management",
   "type": "URL",
   "url": "https://frappe.school/courses/sales-management-course?utm_source=in_app"
  },
  {
   "label": "Point of Sale",
   "link_to": "point-of-sale",
   "type": "Page"
  },
  {
   "color": "Grey",
   "format": "{} Available",
   "label": "Item",
   "link_to": "Item",
   "stats_filter": "{\n    \"disabled\":0\n}",
   "type": "DocType"
  },
  {
   "color": "Yellow",
   "format": "{}  To Deliver",
   "label": "Sales Order",
   "link_to": "Sales Order",
   "stats_filter": "{\n    \"company\": [\"like\", '%' + frappe.defaults.get_global_default(\"company\") + '%'],\n    \"status\":[\"in\", [\"To Deliver\", \"To Deliver and Bill\"]]\n}",
   "type": "DocType"
  },
  {
   "color": "Grey",
   "format": "{} Open",
   "label": "Sales Analytics",
   "link_to": "Sales Analytics",
   "stats_filter": "{ \"Status\": \"Open\" }",
   "type": "Report"
  },
  {
   "label": "Dashboard",
   "link_to": "Selling",
   "type": "Dashboard"
  }
 ],
 "title": "Selling"
}