{
 "actions": [],
 "autoname": "format:{####}",
 "creation": "2019-05-26 15:03:43.996455",
 "doctype": "DocType",
 "editable_grid": 1,
 "engine": "InnoDB",
 "field_order": [
  "objective",
  "cb_00",
  "target",
  "uom"
 ],
 "fields": [
  {
   "fieldname": "objective",
   "fieldtype": "Text",
   "in_list_view": 1,
   "label": "Objective",
   "reqd": 1
  },
  {
   "fieldname": "target",
   "fieldtype": "Data",
   "in_list_view": 1,
   "label": "Target"
  },
  {
   "fieldname": "uom",
   "fieldtype": "Link",
   "in_list_view": 1,
   "label": "UOM",
   "options": "UOM"
  },
  {
   "fieldname": "cb_00",
   "fieldtype": "Column Break"
  }
 ],
 "istable": 1,
 "links": [],
 "modified": "2023-07-28 18:10:23.351246",
 "modified_by": "Administrator",
 "module": "Quality Management",
 "name": "Quality Goal Objective",
 "naming_rule": "Expression",
 "owner": "Administrator",
 "permissions": [],
 "quick_entry": 1,
 "sort_field": "modified",
 "sort_order": "DESC",
 "states": [],
 "track_changes": 1
}