{
 "action": "Create Entry",
 "creation": "2020-05-14 17:48:21.019019",
 "description": "# All about sales invoice\n\nA Sales Invoice is a bill that you send to your Customers against which the Customer makes the payment. Sales Invoice is an accounting transaction. On submission of Sales Invoice, the system updates the receivable and books income against a Customer Account.",
 "docstatus": 0,
 "doctype": "Onboarding Step",
 "idx": 0,
 "is_complete": 0,
 "is_single": 0,
 "is_skipped": 0,
 "modified": "2023-05-22 21:20:15.589644",
 "modified_by": "Administrator",
 "name": "Create Your First Sales Invoice",
 "owner": "Administrator",
 "reference_document": "Sales Invoice",
 "show_form_tour": 1,
 "show_full_form": 1,
 "title": "Create Your First Sales Invoice ",
 "validate_action": 1
}