{
 "creation": "2019-05-26 20:46:57.999300",
 "doctype": "DocType",
 "editable_grid": 1,
 "engine": "InnoDB",
 "field_order": [
  "agenda"
 ],
 "fields": [
  {
   "fieldname": "agenda",
   "fieldtype": "Text Editor",
   "in_list_view": 1,
   "label": "Agenda"
  }
 ],
 "istable": 1,
 "modified": "2019-05-26 20:49:01.328146",
 "modified_by": "Administrator",
 "module": "Quality Management",
 "name": "Quality Meeting Agenda",
 "owner": "Administrator",
 "permissions": [],
 "quick_entry": 1,
 "sort_field": "modified",
 "sort_order": "ASC",
 "track_changes": 1
}