{
 "actions": [],
 "autoname": "field:company",
 "creation": "2020-09-25 12:48:51.463265",
 "doctype": "DocType",
 "editable_grid": 1,
 "engine": "InnoDB",
 "field_order": [
  "company",
  "uae_vat_accounts"
 ],
 "fields": [
  {
   "fieldname": "company",
   "fieldtype": "Link",
   "in_list_view": 1,
   "label": "Company",
   "options": "Company",
   "reqd": 1,
   "unique": 1
  },
  {
   "fieldname": "uae_vat_accounts",
   "fieldtype": "Table",
   "label": "UAE VAT Accounts",
   "options": "UAE VAT Account",
   "reqd": 1
  }
 ],
 "index_web_pages_for_search": 1,
 "links": [],
 "modified": "2020-12-25 20:20:22.342426",
 "modified_by": "Administrator",
 "module": "Regional",
 "name": "UAE VAT Settings",
 "owner": "Administrator",
 "permissions": [],
 "quick_entry": 1,
 "sort_field": "modified",
 "sort_order": "DESC",
 "track_changes": 1
}