{
 "charts": [],
 "content": "[{\"type\":\"header\",\"data\":{\"text\":\"<span class=\\\"h4\\\"><b>Your Shortcuts</b></span>\",\"col\":12}},{\"type\":\"shortcut\",\"data\":{\"shortcut_name\":\"Quality Goal\",\"col\":3}},{\"type\":\"shortcut\",\"data\":{\"shortcut_name\":\"Quality Procedure\",\"col\":3}},{\"type\":\"shortcut\",\"data\":{\"shortcut_name\":\"Quality Inspection\",\"col\":3}},{\"type\":\"shortcut\",\"data\":{\"shortcut_name\":\"Quality Review\",\"col\":3}},{\"type\":\"shortcut\",\"data\":{\"shortcut_name\":\"Quality Action\",\"col\":3}},{\"type\":\"shortcut\",\"data\":{\"shortcut_name\":\"Non Conformance\",\"col\":3}},{\"type\":\"spacer\",\"data\":{\"col\":12}},{\"type\":\"header\",\"data\":{\"text\":\"<span class=\\\"h4\\\"><b>Reports & Masters</b></span>\",\"col\":12}},{\"type\":\"card\",\"data\":{\"card_name\":\"Goal and Procedure\",\"col\":4}},{\"type\":\"card\",\"data\":{\"card_name\":\"Feedback\",\"col\":4}},{\"type\":\"card\",\"data\":{\"card_name\":\"Meeting\",\"col\":4}},{\"type\":\"card\",\"data\":{\"card_name\":\"Review and Action\",\"col\":4}}]",
 "creation": "2020-03-02 15:49:28.632014",
 "custom_blocks": [],
 "docstatus": 0,
 "doctype": "Workspace",
 "for_user": "",
 "hide_custom": 0,
 "icon": "quality",
 "idx": 0,
 "is_hidden": 0,
 "label": "Quality",
 "links": [
  {
   "hidden": 0,
   "is_query_report": 0,
   "label": "Goal and Procedure",
   "link_count": 0,
   "onboard": 0,
   "type": "Card Break"
  },
  {
   "dependencies": "",
   "hidden": 0,
   "is_query_report": 0,
   "label": "Quality Goal",
   "link_count": 0,
   "link_to": "Quality Goal",
   "link_type": "DocType",
   "onboard": 1,
   "type": "Link"
  },
  {
   "dependencies": "",
   "hidden": 0,
   "is_query_report": 0,
   "label": "Quality Procedure",
   "link_count": 0,
   "link_to": "Quality Procedure",
   "link_type": "DocType",
   "onboard": 1,
   "type": "Link"
  },
  {
   "dependencies": "",
   "hidden": 0,
   "is_query_report": 0,
   "label": "Tree of Procedures",
   "link_count": 0,
   "link_to": "Quality Procedure",
   "link_type": "DocType",
   "onboard": 0,
   "type": "Link"
  },
  {
   "hidden": 0,
   "is_query_report": 0,
   "label": "Feedback",
   "link_count": 0,
   "onboard": 0,
   "type": "Card Break"
  },
  {
   "dependencies": "",
   "hidden": 0,
   "is_query_report": 0,
   "label": "Quality Feedback",
   "link_count": 0,
   "link_to": "Quality Feedback",
   "link_type": "DocType",
   "onboard": 1,
   "type": "Link"
  },
  {
   "dependencies": "",
   "hidden": 0,
   "is_query_report": 0,
   "label": "Quality Feedback Template",
   "link_count": 0,
   "link_to": "Quality Feedback Template",
   "link_type": "DocType",
   "onboard": 0,
   "type": "Link"
  },
  {
   "hidden": 0,
   "is_query_report": 0,
   "label": "Meeting",
   "link_count": 0,
   "onboard": 0,
   "type": "Card Break"
  },
  {
   "dependencies": "",
   "hidden": 0,
   "is_query_report": 0,
   "label": "Quality Meeting",
   "link_count": 0,
   "link_to": "Quality Meeting",
   "link_type": "DocType",
   "onboard": 0,
   "type": "Link"
  },
  {
   "hidden": 0,
   "is_query_report": 0,
   "label": "Review and Action",
   "link_count": 0,
   "onboard": 0,
   "type": "Card Break"
  },
  {
   "dependencies": "",
   "hidden": 0,
   "is_query_report": 0,
   "label": "Non Conformance",
   "link_count": 0,
   "link_to": "Non Conformance",
   "link_type": "DocType",
   "onboard": 0,
   "type": "Link"
  },
  {
   "dependencies": "",
   "hidden": 0,
   "is_query_report": 0,
   "label": "Quality Review",
   "link_count": 0,
   "link_to": "Quality Review",
   "link_type": "DocType",
   "onboard": 0,
   "type": "Link"
  },
  {
   "dependencies": "",
   "hidden": 0,
   "is_query_report": 0,
   "label": "Quality Action",
   "link_count": 0,
   "link_to": "Quality Action",
   "link_type": "DocType",
   "onboard": 0,
   "type": "Link"
  }
 ],
 "modified": "2023-05-24 14:47:22.597974",
 "modified_by": "Administrator",
 "module": "Quality Management",
 "name": "Quality",
 "number_cards": [],
 "owner": "Administrator",
 "parent_page": "",
 "public": 1,
 "quick_lists": [],
 "restrict_to_domain": "",
 "roles": [],
 "sequence_id": 9.0,
 "shortcuts": [
  {
   "color": "Grey",
   "label": "Quality Goal",
   "link_to": "Quality Goal",
   "type": "DocType"
  },
  {
   "color": "Grey",
   "doc_view": "Tree",
   "label": "Quality Procedure",
   "link_to": "Quality Procedure",
   "type": "DocType"
  },
  {
   "color": "Grey",
   "label": "Quality Inspection",
   "link_to": "Quality Inspection",
   "type": "DocType"
  },
  {
   "color": "Grey",
   "doc_view": "",
   "format": "{} Open",
   "label": "Quality Review",
   "link_to": "Quality Review",
   "stats_filter": "{\"status\": \"Open\"}",
   "type": "DocType"
  },
  {
   "color": "Grey",
   "doc_view": "",
   "format": "{} Open",
   "label": "Quality Action",
   "link_to": "Quality Action",
   "stats_filter": "{\"status\": \"Open\"}",
   "type": "DocType"
  },
  {
   "color": "Grey",
   "doc_view": "",
   "format": "{} Open",
   "label": "Non Conformance",
   "link_to": "Non Conformance",
   "stats_filter": "{\"status\": \"Open\"}",
   "type": "DocType"
  }
 ],
 "title": "Quality"
}