{
 "aggregate_function_based_on": "opportunity_amount",
 "chart_name": "Territory Wise Sales",
 "chart_type": "Group By",
 "creation": "2020-07-20 20:17:15.809008",
 "custom_options": "",
 "docstatus": 0,
 "doctype": "Dashboard Chart",
 "document_type": "Opportunity",
 "dynamic_filters_json": "[[\"Opportunity\",\"company\",\"=\",\"frappe.defaults.get_user_default(\\\"Company\\\")\"]]",
 "filters_json": "[[\"Opportunity\",\"status\",\"=\",\"Converted\",false]]",
 "group_by_based_on": "territory",
 "group_by_type": "Sum",
 "idx": 0,
 "is_public": 1,
 "is_standard": 1,
 "last_synced_on": "2020-07-22 15:45:32.501313",
 "modified": "2020-07-22 16:10:28.308110",
 "modified_by": "Administrator",
 "module": "CRM",
 "name": "Territory Wise Sales",
 "number_of_groups": 0,
 "owner": "Administrator",
 "timeseries": 0,
 "type": "Bar",
 "use_report_chart": 0,
 "y_axis": []
}