{
 "allow_copy": 0,
 "allow_import": 0,
 "allow_rename": 0,
 "beta": 0,
 "creation": "2013-02-22 01:27:45",
 "custom": 0,
 "docstatus": 0,
 "doctype": "DocType",
 "editable_grid": 1,
 "fields": [
  {
   "allow_on_submit": 0,
   "bold": 0,
   "collapsible": 0,
   "fieldname": "company_name",
   "fieldtype": "Data",
   "hidden": 0,
   "ignore_user_permissions": 0,
   "ignore_xss_filter": 0,
   "in_filter": 0,
   "in_list_view": 1,
   "label": "Company",
   "length": 0,
   "no_copy": 0,
   "oldfieldname": "company_name",
   "oldfieldtype": "Data",
   "permlevel": 0,
   "print_hide": 0,
   "print_hide_if_no_value": 0,
   "read_only": 0,
   "report_hide": 0,
   "reqd": 0,
   "search_index": 0,
   "set_only_once": 0,
   "unique": 0
  },
  {
   "allow_on_submit": 0,
   "bold": 0,
   "collapsible": 0,
   "fieldname": "designation",
   "fieldtype": "Data",
   "hidden": 0,
   "ignore_user_permissions": 0,
   "ignore_xss_filter": 0,
   "in_filter": 0,
   "in_list_view": 1,
   "label": "Designation",
   "length": 0,
   "no_copy": 0,
   "oldfieldname": "designation",
   "oldfieldtype": "Data",
   "permlevel": 0,
   "print_hide": 0,
   "print_hide_if_no_value": 0,
   "read_only": 0,
   "report_hide": 0,
   "reqd": 0,
   "search_index": 0,
   "set_only_once": 0,
   "unique": 0
  },
  {
   "allow_on_submit": 0,
   "bold": 0,
   "collapsible": 0,
   "fieldname": "salary",
   "fieldtype": "Currency",
   "hidden": 0,
   "ignore_user_permissions": 0,
   "ignore_xss_filter": 0,
   "in_filter": 0,
   "in_list_view": 1,
   "label": "Salary",
   "length": 0,
   "no_copy": 0,
   "oldfieldname": "salary",
   "oldfieldtype": "Currency",
   "options": "Company:company:default_currency",
   "permlevel": 0,
   "print_hide": 0,
   "print_hide_if_no_value": 0,
   "read_only": 0,
   "report_hide": 0,
   "reqd": 0,
   "search_index": 0,
   "set_only_once": 0,
   "unique": 0
  },
  {
   "allow_on_submit": 0,
   "bold": 0,
   "collapsible": 0,
   "fieldname": "address",
   "fieldtype": "Small Text",
   "hidden": 0,
   "ignore_user_permissions": 0,
   "ignore_xss_filter": 0,
   "in_filter": 0,
   "in_list_view": 1,
   "label": "Address",
   "length": 0,
   "no_copy": 0,
   "oldfieldname": "address",
   "oldfieldtype": "Small Text",
   "permlevel": 0,
   "print_hide": 0,
   "print_hide_if_no_value": 0,
   "read_only": 0,
   "report_hide": 0,
   "reqd": 0,
   "search_index": 0,
   "set_only_once": 0,
   "unique": 0
  },
  {
   "allow_on_submit": 0,
   "bold": 0,
   "collapsible": 0,
   "fieldname": "contact",
   "fieldtype": "Data",
   "hidden": 0,
   "ignore_user_permissions": 0,
   "ignore_xss_filter": 0,
   "in_filter": 0,
   "in_list_view": 1,
   "label": "Contact",
   "length": 0,
   "no_copy": 0,
   "oldfieldname": "contact",
   "oldfieldtype": "Data",
   "permlevel": 0,
   "print_hide": 0,
   "print_hide_if_no_value": 0,
   "read_only": 0,
   "report_hide": 0,
   "reqd": 0,
   "search_index": 0,
   "set_only_once": 0,
   "unique": 0
  },
  {
   "allow_on_submit": 0,
   "bold": 0,
   "collapsible": 0,
   "fieldname": "total_experience",
   "fieldtype": "Data",
   "hidden": 0,
   "ignore_user_permissions": 0,
   "ignore_xss_filter": 0,
   "in_filter": 0,
   "in_list_view": 1,
   "label": "Total Experience",
   "length": 0,
   "no_copy": 0,
   "oldfieldname": "total_experience",
   "oldfieldtype": "Data",
   "permlevel": 0,
   "print_hide": 0,
   "print_hide_if_no_value": 0,
   "read_only": 0,
   "report_hide": 0,
   "reqd": 0,
   "search_index": 0,
   "set_only_once": 0,
   "unique": 0
  }
 ],
 "hide_heading": 0,
 "hide_toolbar": 0,
 "idx": 1,
 "image_view": 0,
 "in_create": 0,

 "is_submittable": 0,
 "issingle": 0,
 "istable": 1,
 "max_attachments": 0,
 "modified": "2016-07-11 03:28:00.088980",
 "modified_by": "Administrator",
 "module": "Setup",
 "name": "Employee External Work History",
 "owner": "Administrator",
 "permissions": [],
 "quick_entry": 0,
 "read_only": 0,
 "read_only_onload": 0,
 "track_seen": 0
}