{
 "chart_name": "Lead Source",
 "chart_type": "Group By",
 "creation": "2020-07-20 20:17:15.842106",
 "custom_options": "{\"truncateLegends\": 1, \"maxSlices\": 8}",
 "docstatus": 0,
 "doctype": "Dashboard Chart",
 "document_type": "Lead",
 "dynamic_filters_json": "[[\"Lead\",\"company\",\"=\",\"frappe.defaults.get_user_default(\\\"Company\\\")\"]]",
 "filters_json": "[]",
 "group_by_based_on": "source",
 "group_by_type": "Count",
 "idx": 0,
 "is_public": 1,
 "is_standard": 1,
 "last_synced_on": "2020-07-22 16:11:14.170636",
 "modified": "2020-07-22 16:13:38.696710",
 "modified_by": "Administrator",
 "module": "CRM",
 "name": "Lead Source",
 "number_of_groups": 0,
 "owner": "Administrator",
 "timeseries": 0,
 "type": "Donut",
 "use_report_chart": 0,
 "y_axis": []
}