{
 "action": "Create Entry",
 "action_label": "Let\u2019s create your first Customer",
 "creation": "2020-05-14 17:46:41.831517",
 "description": "# Create a Customer\n\nThe Customer master is at the heart of your sales transactions. Customers are linked in Quotations, Sales Orders, Invoices, and Payments. Customers can be either numbered or identified by name (you would typically do this based on the number of customers you have).\n\nThrough Customer\u2019s master, you can effectively track essentials like:\n - Customer\u2019s multiple address and contacts\n - Account Receivables\n - Credit Limit and Credit Period\n",
 "docstatus": 0,
 "doctype": "Onboarding Step",
 "idx": 1,
 "is_complete": 0,
 "is_single": 0,
 "is_skipped": 0,
 "modified": "2023-05-23 12:45:55.138580",
 "modified_by": "Administrator",
 "name": "Create a Customer",
 "owner": "Administrator",
 "reference_document": "Customer",
 "show_form_tour": 0,
 "show_full_form": 0,
 "title": "Create a Customer",
 "validate_action": 1
}