{
 "chart_name": "Item-wise Annual Sales",
 "chart_type": "Report",
 "creation": "2020-07-20 20:17:16.474566",
 "custom_options": "",
 "docstatus": 0,
 "doctype": "Dashboard Chart",
 "dynamic_filters_json": "{\"company\":\"frappe.defaults.get_user_default(\\\"Company\\\")\",\"to_date\":\"frappe.datetime.nowdate()\"}",
 "filters_json": "{\"from_date\":\"2020-06-22\"}",
 "idx": 0,
 "is_public": 1,
 "is_standard": 1,
 "modified": "2020-07-22 14:42:25.512675",
 "modified_by": "Administrator",
 "module": "Selling",
 "name": "Item-wise Annual Sales",
 "number_of_groups": 0,
 "owner": "Administrator",
 "report_name": "Item-wise Sales History",
 "timeseries": 0,
 "type": "Bar",
 "use_report_chart": 1,
 "y_axis": []
}