{
 "based_on": "creation",
 "chart_name": "Opportunity Trends",
 "chart_type": "Count",
 "creation": "2020-07-20 20:17:15.672124",
 "custom_options": "",
 "docstatus": 0,
 "doctype": "Dashboard Chart",
 "document_type": "Opportunity",
 "dynamic_filters_json": "[[\"Opportunity\",\"company\",\"=\",\"frappe.defaults.get_user_default(\\\"Company\\\")\"]]",
 "filters_json": "[]",
 "idx": 0,
 "is_public": 1,
 "is_standard": 1,
 "last_synced_on": "2020-07-22 15:45:32.590967",
 "modified": "2020-07-22 16:08:33.100532",
 "modified_by": "Administrator",
 "module": "CRM",
 "name": "Opportunity Trends",
 "number_of_groups": 0,
 "owner": "Administrator",
 "time_interval": "Weekly",
 "timeseries": 1,
 "timespan": "Last Quarter",
 "type": "Bar",
 "use_report_chart": 0,
 "y_axis": []
}