{
 "actions": [],
 "autoname": "account",
 "creation": "2020-09-28 11:30:45.472053",
 "doctype": "DocType",
 "editable_grid": 1,
 "engine": "InnoDB",
 "field_order": [
  "account"
 ],
 "fields": [
  {
   "allow_in_quick_entry": 1,
   "fieldname": "account",
   "fieldtype": "Link",
   "in_list_view": 1,
   "in_preview": 1,
   "label": "Account",
   "options": "Account"
  }
 ],
 "index_web_pages_for_search": 1,
 "istable": 1,
 "links": [],
 "modified": "2020-09-28 12:02:56.444007",
 "modified_by": "Administrator",
 "module": "Regional",
 "name": "UAE VAT Account",
 "owner": "Administrator",
 "permissions": [],
 "quick_entry": 1,
 "sort_field": "modified",
 "sort_order": "DESC",
 "track_changes": 1
}