{
 "actions": [],
 "creation": "2018-04-16 21:50:05.860195",
 "doctype": "DocType",
 "editable_grid": 1,
 "engine": "InnoDB",
 "field_order": [
  "company"
 ],
 "fields": [
  {
   "fieldname": "company",
   "fieldtype": "Link",
   "ignore_user_permissions": 1,
   "in_list_view": 1,
   "label": "Company",
   "options": "Company",
   "reqd": 1
  }
 ],
 "istable": 1,
 "links": [],
 "modified": "2024-01-03 11:13:02.669632",
 "modified_by": "Administrator",
 "module": "Accounts",
 "name": "Allowed To Transact With",
 "owner": "Administrator",
 "permissions": [],
 "quick_entry": 1,
 "sort_field": "modified",
 "sort_order": "DESC",
 "states": [],
 "track_changes": 1
}