{
 "based_on": "modified",
 "chart_name": "Won Opportunities",
 "chart_type": "Count",
 "creation": "2020-07-20 20:17:15.738889",
 "docstatus": 0,
 "doctype": "Dashboard Chart",
 "document_type": "Opportunity",
 "dynamic_filters_json": "[[\"Opportunity\",\"company\",\"=\",\"frappe.defaults.get_user_default(\\\"Company\\\")\"]]",
 "filters_json": "[[\"Opportunity\",\"status\",\"=\",\"Converted\",false]]",
 "idx": 0,
 "is_public": 1,
 "is_standard": 1,
 "last_synced_on": "2020-07-22 15:45:32.575964",
 "modified": "2020-07-22 16:09:14.265231",
 "modified_by": "Administrator",
 "module": "CRM",
 "name": "Won Opportunities",
 "number_of_groups": 0,
 "owner": "Administrator",
 "time_interval": "Monthly",
 "timeseries": 1,
 "timespan": "Last Year",
 "type": "Bar",
 "use_report_chart": 0,
 "y_axis": []
}