{
 "cards": [
  {
   "card": "Annual Sales"
  },
  {
   "card": "Sales Orders to Deliver"
  },
  {
   "card": "Sales Orders to Bill"
  },
  {
   "card": "Active Customers"
  }
 ],
 "charts": [
  {
   "chart": "Sales Order Trends",
   "width": "Full"
  },
  {
   "chart": "Top Customers",
   "width": "Half"
  },
  {
   "chart": "Sales Order Analysis",
   "width": "Half"
  },
  {
   "chart": "Item-wise Annual Sales",
   "width": "Full"
  }
 ],
 "creation": "2020-07-20 20:17:16.688162",
 "dashboard_name": "Selling",
 "docstatus": 0,
 "doctype": "Dashboard",
 "idx": 0,
 "is_default": 0,
 "is_standard": 1,
 "modified": "2020-07-22 15:31:22.299903",
 "modified_by": "Administrator",
 "module": "Selling",
 "name": "Selling",
 "owner": "Administrator"
}