{
 "chart_name": "Sales Order Analysis",
 "chart_type": "Report",
 "creation": "2020-07-20 20:17:16.440393",
 "custom_options": "{\"type\": \"donut\", \"height\": 300, \"axisOptions\": {\"shortenYAxisNumbers\": 1}}",
 "docstatus": 0,
 "doctype": "Dashboard Chart",
 "dynamic_filters_json": "{\"company\":\"frappe.defaults.get_user_default(\\\"Company\\\")\",\"to_date\":\"frappe.datetime.nowdate()\"}",
 "filters_json": "{\"status\":[\"To Bill\",\"To Deliver\"],\"group_by_so\":0,\"from_date\":\"2020-06-22\"}",
 "idx": 0,
 "is_public": 1,
 "is_standard": 1,
 "modified": "2020-07-22 17:06:05.750660",
 "modified_by": "Administrator",
 "module": "Selling",
 "name": "Sales Order Analysis",
 "number_of_groups": 0,
 "owner": "Administrator",
 "report_name": "Sales Order Analysis",
 "timeseries": 0,
 "type": "Donut",
 "use_report_chart": 1,
 "y_axis": []
}