{
 "charts": [],
 "content": "[{\"id\":\"qzP2mZrGOu\",\"type\":\"header\",\"data\":{\"text\":\"<span class=\\\"h4\\\"><b>Your Shortcuts</b></span>\",\"col\":12}},{\"id\":\"Fkdjo6bJ7A\",\"type\":\"shortcut\",\"data\":{\"shortcut_name\":\"Issue\",\"col\":3}},{\"id\":\"OTS8kx2f3x\",\"type\":\"shortcut\",\"data\":{\"shortcut_name\":\"Maintenance Visit\",\"col\":3}},{\"id\":\"smDTSjBR3Z\",\"type\":\"shortcut\",\"data\":{\"shortcut_name\":\"Service Level Agreement\",\"col\":3}},{\"id\":\"WCqL_gBYGU\",\"type\":\"spacer\",\"data\":{\"col\":12}},{\"id\":\"oxhWhXp9b2\",\"type\":\"header\",\"data\":{\"text\":\"<span class=\\\"h4\\\"><b>Reports &amp; Masters</b></span>\",\"col\":12}},{\"id\":\"Ff8Ab3nLLN\",\"type\":\"card\",\"data\":{\"card_name\":\"Issues\",\"col\":4}},{\"id\":\"_lndiuJTVP\",\"type\":\"card\",\"data\":{\"card_name\":\"Maintenance\",\"col\":4}},{\"id\":\"R_aNO5ESzJ\",\"type\":\"card\",\"data\":{\"card_name\":\"Service Level Agreement\",\"col\":4}},{\"id\":\"N8aA2afWfi\",\"type\":\"card\",\"data\":{\"card_name\":\"Warranty\",\"col\":4}},{\"id\":\"M5fxGuFwUR\",\"type\":\"card\",\"data\":{\"card_name\":\"Settings\",\"col\":4}},{\"id\":\"xKH0kO9q4P\",\"type\":\"card\",\"data\":{\"card_name\":\"Reports\",\"col\":4}}]",
 "creation": "2020-03-02 15:48:23.224699",
 "custom_blocks": [],
 "docstatus": 0,
 "doctype": "Workspace",
 "for_user": "",
 "hide_custom": 0,
 "icon": "support",
 "idx": 0,
 "is_hidden": 0,
 "label": "Support",
 "links": [
  {
   "hidden": 0,
   "is_query_report": 0,
   "label": "Issues",
   "link_count": 0,
   "onboard": 0,
   "type": "Card Break"
  },
  {
   "dependencies": "",
   "hidden": 0,
   "is_query_report": 0,
   "label": "Issue",
   "link_count": 0,
   "link_to": "Issue",
   "link_type": "DocType",
   "onboard": 1,
   "type": "Link"
  },
  {
   "dependencies": "",
   "hidden": 0,
   "is_query_report": 0,
   "label": "Issue Type",
   "link_count": 0,
   "link_to": "Issue Type",
   "link_type": "DocType",
   "onboard": 0,
   "type": "Link"
  },
  {
   "dependencies": "",
   "hidden": 0,
   "is_query_report": 0,
   "label": "Issue Priority",
   "link_count": 0,
   "link_to": "Issue Priority",
   "link_type": "DocType",
   "onboard": 0,
   "type": "Link"
  },
  {
   "hidden": 0,
   "is_query_report": 0,
   "label": "Maintenance",
   "link_count": 0,
   "onboard": 0,
   "type": "Card Break"
  },
  {
   "dependencies": "",
   "hidden": 0,
   "is_query_report": 0,
   "label": "Maintenance Schedule",
   "link_count": 0,
   "link_to": "Maintenance Schedule",
   "link_type": "DocType",
   "onboard": 0,
   "type": "Link"
  },
  {
   "dependencies": "",
   "hidden": 0,
   "is_query_report": 0,
   "label": "Maintenance Visit",
   "link_count": 0,
   "link_to": "Maintenance Visit",
   "link_type": "DocType",
   "onboard": 0,
   "type": "Link"
  },
  {
   "hidden": 0,
   "is_query_report": 0,
   "label": "Service Level Agreement",
   "link_count": 0,
   "onboard": 0,
   "type": "Card Break"
  },
  {
   "dependencies": "",
   "hidden": 0,
   "is_query_report": 0,
   "label": "Service Level Agreement",
   "link_count": 0,
   "link_to": "Service Level Agreement",
   "link_type": "DocType",
   "onboard": 0,
   "type": "Link"
  },
  {
   "hidden": 0,
   "is_query_report": 0,
   "label": "Warranty",
   "link_count": 0,
   "onboard": 0,
   "type": "Card Break"
  },
  {
   "dependencies": "",
   "hidden": 0,
   "is_query_report": 0,
   "label": "Warranty Claim",
   "link_count": 0,
   "link_to": "Warranty Claim",
   "link_type": "DocType",
   "onboard": 0,
   "type": "Link"
  },
  {
   "dependencies": "",
   "hidden": 0,
   "is_query_report": 0,
   "label": "Serial No",
   "link_count": 0,
   "link_to": "Serial No",
   "link_type": "DocType",
   "onboard": 0,
   "type": "Link"
  },
  {
   "hidden": 0,
   "is_query_report": 0,
   "label": "Settings",
   "link_count": 0,
   "onboard": 0,
   "type": "Card Break"
  },
  {
   "dependencies": "",
   "hidden": 0,
   "is_query_report": 0,
   "label": "Support Settings",
   "link_count": 0,
   "link_to": "Support Settings",
   "link_type": "DocType",
   "onboard": 0,
   "type": "Link"
  },
  {
   "hidden": 0,
   "is_query_report": 0,
   "label": "Reports",
   "link_count": 0,
   "onboard": 0,
   "type": "Card Break"
  },
  {
   "dependencies": "Issue",
   "hidden": 0,
   "is_query_report": 1,
   "label": "First Response Time for Issues",
   "link_count": 0,
   "link_to": "First Response Time for Issues",
   "link_type": "Report",
   "onboard": 0,
   "type": "Link"
  }
 ],
 "modified": "2023-05-24 14:47:23.408966",
 "modified_by": "Administrator",
 "module": "Support",
 "name": "Support",
 "number_cards": [],
 "owner": "Administrator",
 "parent_page": "",
 "public": 1,
 "quick_lists": [],
 "restrict_to_domain": "",
 "roles": [],
 "sequence_id": 12.0,
 "shortcuts": [
  {
   "color": "Yellow",
   "format": "{} Assigned",
   "label": "Issue",
   "link_to": "Issue",
   "stats_filter": "{\n    \"_assign\": [\"like\", '%' + frappe.session.user + '%'],\n    \"status\": \"Open\"\n}",
   "type": "DocType"
  },
  {
   "label": "Maintenance Visit",
   "link_to": "Maintenance Visit",
   "type": "DocType"
  },
  {
   "label": "Service Level Agreement",
   "link_to": "Service Level Agreement",
   "type": "DocType"
  }
 ],
 "title": "Support"
}