{
 "actions": [],
 "creation": "2019-05-26 00:10:00.248885",
 "doctype": "DocType",
 "editable_grid": 1,
 "engine": "InnoDB",
 "field_order": [
  "process_description",
  "procedure"
 ],
 "fields": [
  {
   "columns": 8,
   "fieldname": "process_description",
   "fieldtype": "Text Editor",
   "in_list_view": 1,
   "label": "Process Description"
  },
  {
   "description": "Link existing Quality Procedure.",
   "fieldname": "procedure",
   "fieldtype": "Link",
   "in_list_view": 1,
   "label": "Sub Procedure",
   "options": "Quality Procedure"
  }
 ],
 "index_web_pages_for_search": 1,
 "istable": 1,
 "links": [],
 "modified": "2020-10-27 13:55:11.252945",
 "modified_by": "Administrator",
 "module": "Quality Management",
 "name": "Quality Procedure Process",
 "owner": "Administrator",
 "permissions": [],
 "quick_entry": 1,
 "sort_field": "modified",
 "sort_order": "DESC",
 "track_changes": 1
}