{
 "actions": [],
 "creation": "2019-05-26 21:25:01.715807",
 "doctype": "DocType",
 "editable_grid": 1,
 "engine": "InnoDB",
 "field_order": [
  "parameter",
  "cb_00",
  "rating",
  "sb_00",
  "feedback"
 ],
 "fields": [
  {
   "fieldname": "parameter",
   "fieldtype": "Data",
   "in_list_view": 1,
   "label": "Parameter",
   "read_only": 1
  },
  {
   "fieldname": "cb_00",
   "fieldtype": "Column Break"
  },
  {
   "default": "1",
   "fieldname": "rating",
   "fieldtype": "Select",
   "in_list_view": 1,
   "label": "Rating",
   "options": "\n1\n2\n3\n4\n5",
   "reqd": 1
  },
  {
   "fieldname": "sb_00",
   "fieldtype": "Section Break"
  },
  {
   "fieldname": "feedback",
   "fieldtype": "Text Editor",
   "in_list_view": 1,
   "label": "Feedback"
  }
 ],
 "index_web_pages_for_search": 1,
 "istable": 1,
 "links": [],
 "modified": "2020-10-27 17:28:12.033145",
 "modified_by": "Administrator",
 "module": "Quality Management",
 "name": "Quality Feedback Parameter",
 "owner": "Administrator",
 "permissions": [],
 "quick_entry": 1,
 "sort_field": "modified",
 "sort_order": "DESC",
 "track_changes": 1
}