{
 "chart_name": "Territory Wise Opportunity Count",
 "chart_type": "Group By",
 "creation": "2020-07-20 20:17:15.774176",
 "custom_options": "{\"truncateLegends\": 1, \"maxSlices\": 8}",
 "docstatus": 0,
 "doctype": "Dashboard Chart",
 "document_type": "Opportunity",
 "dynamic_filters_json": "[[\"Opportunity\",\"company\",\"=\",\"frappe.defaults.get_user_default(\\\"Company\\\")\"]]",
 "filters_json": "[]",
 "group_by_based_on": "territory",
 "group_by_type": "Count",
 "idx": 0,
 "is_public": 1,
 "is_standard": 1,
 "last_synced_on": "2020-07-22 15:45:32.134026",
 "modified": "2020-07-22 16:09:42.921547",
 "modified_by": "Administrator",
 "module": "CRM",
 "name": "Territory Wise Opportunity Count",
 "number_of_groups": 0,
 "owner": "Administrator",
 "timeseries": 0,
 "type": "Donut",
 "use_report_chart": 0,
 "y_axis": []
}