{
 "creation": "2021-11-23 12:00:36.138824",
 "docstatus": 0,
 "doctype": "Form Tour",
 "first_document": 0,
 "idx": 0,
 "include_name_field": 0,
 "is_standard": 1,
 "modified": "2023-05-23 12:51:48.684517",
 "modified_by": "Administrator",
 "module": "Selling",
 "name": "Quotation",
 "owner": "Administrator",
 "reference_doctype": "Quotation",
 "save_on_complete": 1,
 "steps": [
  {
   "description": "Select a customer or lead for whom this quotation is being prepared. Let's select a Customer.",
   "fieldname": "quotation_to",
   "fieldtype": "Link",
   "has_next_condition": 0,
   "is_table_field": 0,
   "label": "Quotation To",
   "position": "Right",
   "title": "Quotation To"
  },
  {
   "description": "Select a specific Customer to whom this quotation will be sent.",
   "fieldname": "party_name",
   "fieldtype": "Dynamic Link",
   "has_next_condition": 0,
   "is_table_field": 0,
   "label": "Party",
   "position": "Right",
   "title": "Party"
  },
  {
   "child_doctype": "Quotation Item",
   "description": "Select an item for which you will be quoting a price.",
   "fieldname": "items",
   "fieldtype": "Table",
   "has_next_condition": 0,
   "is_table_field": 0,
   "label": "Items",
   "parent_fieldname": "items",
   "position": "Bottom",
   "title": "Items"
  },
  {
   "description": "You can select pre-populated Sales Taxes and Charges from here.",
   "fieldname": "taxes",
   "fieldtype": "Table",
   "has_next_condition": 0,
   "is_table_field": 0,
   "label": "Sales Taxes and Charges",
   "position": "Bottom",
   "title": "Sales Taxes and Charges"
  }
 ],
 "title": "Quotation"
}