{
 "actions": [],
 "creation": "2020-06-08 12:19:40.428949",
 "doctype": "DocType",
 "editable_grid": 1,
 "engine": "InnoDB",
 "field_order": [
  "recipient"
 ],
 "fields": [
  {
   "fieldname": "recipient",
   "fieldtype": "Link",
   "in_list_view": 1,
   "label": "Recipient",
   "options": "User",
   "reqd": 1
  }
 ],
 "index_web_pages_for_search": 1,
 "istable": 1,
 "links": [],
 "modified": "2020-08-24 23:10:23.217572",
 "modified_by": "Administrator",
 "module": "Setup",
 "name": "Email Digest Recipient",
 "owner": "Administrator",
 "permissions": [],
 "quick_entry": 1,
 "sort_field": "modified",
 "sort_order": "DESC",
 "track_changes": 1
}