{
 "add_total_row": 0,
 "columns": [],
 "creation": "2021-07-09 11:07:43.473518",
 "disable_prepared_report": 0,
 "disabled": 0,
 "docstatus": 0,
 "doctype": "Report",
 "filters": [],
 "idx": 0,
 "is_standard": "Yes",
 "modified": "2021-07-09 11:07:43.473518",
 "modified_by": "Administrator",
 "module": "Regional",
 "name": "VAT Audit Report",
 "owner": "Administrator",
 "prepared_report": 0,
 "ref_doctype": "GL Entry",
 "report_name": "VAT Audit Report",
 "report_type": "Script Report",
 "roles": []
}